-- ---
-- FIRST INSERT
-- ---

-- INSERT INTO gene (name,second_name,chr,strand,number_of_exons,prot_name,prot_short,prot_size,uniprot_id,nm_version,ng,np,enst,ensp) VALUES
-- ('{"",""}','','','','','','','','','','','','','');
-- INSERT INTO segment (genome_version,gene_name[],type,number,segment_size,start_phase,end_phase,segment_start,segemnt_end) VALUES
-- ('','','','','','','','','');
-- INSERT INTO domain (name,gene_name,aa_start,aa_end) VALUES
-- ('','','','');
INSERT INTO valid_class (acmg_class,html_code,acmg_translation) VALUES
('1','#00A020','neutral'),('2','#0000A0','likely neutral'),('3','#969696','unknown significance'),('4','#FF6020','likely pathogenic'),('5','#FF0000','pathogenic'),('6','#FFFFFF','not classified');
INSERT INTO valid_rna_type (rna_type,html_code) VALUES
('neutral inferred','#0000A0'),('neutral confirmed','#00A020'),('altered inferred','#FF6020'),('altered confirmed','#FF0000');
INSERT INTO valid_dna_type (dna_type,vario_id) VALUES
('deletion','0141'),('duplication',NULL),('indel','0143'),('insertion','0142'),('inversion','0145'),('substitution','0136');
INSERT INTO valid_prot_type (prot_type) VALUES
('frameshift'),('inframe deletion'),('inframe duplication'),('inframe insertion'),('missense'),('nonsense'),('no protein'),('silent'),('start codon'),('stop codon'),('unknown');
INSERT INTO valid_type_segment (type_segment) VALUES
('3UTR'),('5UTR'),('exon'),('intergenic'),('intron');
INSERT INTO valid_genome_version (genome_version) VALUES
('hg19'),('hg38');
INSERT INTO mobiuser (email,institute,country,username,password) VALUES
('david.baux@inserm.fr','Montpellier University Hospital','France','davidb','clearpass');

INSERT INTO gene (name, second_name, chr, strand, number_of_exons, prot_name, hgnc_name, prot_size, uniprot_id, ng, np, enst, ensp, canonical, variant_creation, hgnc_id) VALUES ( '{"USH2A","NM_206933.4"}','RP39','1','-',72,'Usherin (2)','Ush2a (2)',5202,'O75445','2','NG_009497.1','NP_996816.2','ENST00000307340','ENSP00000305941','t','ok',12601);
-- INSERT INTO segment (genome_version, gene_name, type, number, segment_size, segment_start, segment_end, exon_frame) VALUES ('hg19','{"USH2A","NM_206933"}','5UTR','-1','2000','216598791','216596791',NULL);
-- INSERT INTO segment (genome_version, gene_name, type, number, segment_size, segment_start, segment_end, exon_frame) VALUES ('hg38','{"USH2A","NM_206933"}','5UTR','-1','2000','216425449','216423449',NULL);
-- INSERT INTO segment (genome_version, gene_name, type, number, segment_size, segment_start, segment_end, exon_frame) VALUES ('hg19','{"USH2A","NM_206933"}','exon','1','235','216596790','216596556','-1');
-- INSERT INTO segment (genome_version, gene_name, type, number, segment_size, segment_start, segment_end, exon_frame) VALUES ('hg38','{"USH2A","NM_206933"}','exon','1','235','216423448','216423214','-1');
-- INSERT INTO segment (genome_version, gene_name, type, number, segment_size, segment_start, segment_end, exon_frame) VALUES ('hg19','{"USH2A","NM_206933"}','intron','1','673','216596555','216595883',NULL);
-- INSERT INTO segment (genome_version, gene_name, type, number, segment_size, segment_start, segment_end, exon_frame) VALUES ('hg38','{"USH2A","NM_206933"}','intron','1','673','216423213','216422541',NULL);
-- INSERT INTO segment (genome_version, gene_name, type, number, segment_size, segment_start, segment_end, exon_frame) VALUES ('hg19','{"USH2A","NM_206933"}','exon','2','689','216595882','216595194','0');
-- INSERT INTO segment (genome_version, gene_name, type, number, segment_size, segment_start, segment_end, exon_frame) VALUES ('hg38','{"USH2A","NM_206933"}','exon','2','689','216422540','216421852','0');
-- INSERT INTO segment (genome_version, gene_name, type, number, segment_size, segment_start, segment_end, exon_frame) VALUES ('hg19','{"USH2A","NM_206933"}','intron','2','3172','216595193','216592022',NULL);
-- INSERT INTO segment (genome_version, gene_name, type, number, segment_size, segment_start, segment_end, exon_frame) VALUES ('hg38','{"USH2A","NM_206933"}','intron','2','3172','216421851','216418680',NULL);
-- INSERT INTO segment (genome_version, gene_name, type, number, segment_size, segment_start, segment_end, exon_frame) VALUES ('hg19','{"USH2A","NM_206933"}','exon','3','166','216592021','216591856','2');
-- INSERT INTO segment (genome_version, gene_name, type, number, segment_size, segment_start, segment_end, exon_frame) VALUES ('hg38','{"USH2A","NM_206933"}','exon','3','166','216418679','216418514','2');
-- INSERT INTO segment (genome_version, gene_name, type, number, segment_size, segment_start, segment_end, exon_frame) VALUES ('hg19','{"USH2A","NM_206933"}','intron','3','53428','216591855','216538428',NULL);
-- INSERT INTO segment (genome_version, gene_name, type, number, segment_size, segment_start, segment_end, exon_frame) VALUES ('hg38','{"USH2A","NM_206933"}','intron','3','53428','216418513','216365086',NULL);
-- INSERT INTO segment (genome_version, gene_name, type, number, segment_size, segment_start, segment_end, exon_frame) VALUES ('hg19','{"USH2A","NM_206933"}','exon','4','133','216538427','216538295','0');
-- INSERT INTO segment (genome_version, gene_name, type, number, segment_size, segment_start, segment_end, exon_frame) VALUES ('hg38','{"USH2A","NM_206933"}','exon','4','133','216365085','216364953','0');
-- INSERT INTO segment (genome_version, gene_name, type, number, segment_size, segment_start, segment_end, exon_frame) VALUES ('hg19','{"USH2A","NM_206933"}','intron','4','37298','216538294','216500997',NULL);
-- INSERT INTO segment (genome_version, gene_name, type, number, segment_size, segment_start, segment_end, exon_frame) VALUES ('hg38','{"USH2A","NM_206933"}','intron','4','37298','216364952','216327655',NULL);
-- INSERT INTO segment (genome_version, gene_name, type, number, segment_size, segment_start, segment_end, exon_frame) VALUES ('hg19','{"USH2A","NM_206933"}','exon','5','64','216500996','216500933','1');
-- INSERT INTO segment (genome_version, gene_name, type, number, segment_size, segment_start, segment_end, exon_frame) VALUES ('hg38','{"USH2A","NM_206933"}','exon','5','64','216327654','216327591','1');
-- INSERT INTO segment (genome_version, gene_name, type, number, segment_size, segment_start, segment_end, exon_frame) VALUES ('hg19','{"USH2A","NM_206933"}','intron','5','1991','216500932','216498942',NULL);
-- INSERT INTO segment (genome_version, gene_name, type, number, segment_size, segment_start, segment_end, exon_frame) VALUES ('hg38','{"USH2A","NM_206933"}','intron','5','1991','216327590','216325600',NULL);
-- INSERT INTO segment (genome_version, gene_name, type, number, segment_size, segment_start, segment_end, exon_frame) VALUES ('hg19','{"USH2A","NM_206933"}','exon','6','295','216498941','216498647','2');
-- INSERT INTO segment (genome_version, gene_name, type, number, segment_size, segment_start, segment_end, exon_frame) VALUES ('hg38','{"USH2A","NM_206933"}','exon','6','295','216325599','216325305','2');
-- INSERT INTO segment (genome_version, gene_name, type, number, segment_size, segment_start, segment_end, exon_frame) VALUES ('hg19','{"USH2A","NM_206933"}','intron','6','952','216498646','216497695',NULL);
-- INSERT INTO segment (genome_version, gene_name, type, number, segment_size, segment_start, segment_end, exon_frame) VALUES ('hg38','{"USH2A","NM_206933"}','intron','6','952','216325304','216324353',NULL);
-- INSERT INTO segment (genome_version, gene_name, type, number, segment_size, segment_start, segment_end, exon_frame) VALUES ('hg19','{"USH2A","NM_206933"}','exon','7','185','216497694','216497510','0');
-- INSERT INTO segment (genome_version, gene_name, type, number, segment_size, segment_start, segment_end, exon_frame) VALUES ('hg38','{"USH2A","NM_206933"}','exon','7','185','216324352','216324168','0');
-- INSERT INTO segment (genome_version, gene_name, type, number, segment_size, segment_start, segment_end, exon_frame) VALUES ('hg19','{"USH2A","NM_206933"}','intron','7','472','216497509','216497038',NULL);
-- INSERT INTO segment (genome_version, gene_name, type, number, segment_size, segment_start, segment_end, exon_frame) VALUES ('hg38','{"USH2A","NM_206933"}','intron','7','472','216324167','216323696',NULL);
-- INSERT INTO segment (genome_version, gene_name, type, number, segment_size, segment_start, segment_end, exon_frame) VALUES ('hg19','{"USH2A","NM_206933"}','exon','8','222','216497037','216496816','2');
-- INSERT INTO segment (genome_version, gene_name, type, number, segment_size, segment_start, segment_end, exon_frame) VALUES ('hg38','{"USH2A","NM_206933"}','exon','8','222','216323695','216323474','2');
-- INSERT INTO segment (genome_version, gene_name, type, number, segment_size, segment_start, segment_end, exon_frame) VALUES ('hg19','{"USH2A","NM_206933"}','intron','8','1497','216496815','216495319',NULL);
-- INSERT INTO segment (genome_version, gene_name, type, number, segment_size, segment_start, segment_end, exon_frame) VALUES ('hg38','{"USH2A","NM_206933"}','intron','8','1497','216323473','216321977',NULL);
-- INSERT INTO segment (genome_version, gene_name, type, number, segment_size, segment_start, segment_end, exon_frame) VALUES ('hg19','{"USH2A","NM_206933"}','exon','9','94','216495318','216495225','2');
-- INSERT INTO segment (genome_version, gene_name, type, number, segment_size, segment_start, segment_end, exon_frame) VALUES ('hg38','{"USH2A","NM_206933"}','exon','9','94','216321976','216321883','2');
-- INSERT INTO segment (genome_version, gene_name, type, number, segment_size, segment_start, segment_end, exon_frame) VALUES ('hg19','{"USH2A","NM_206933"}','intron','9','29512','216495224','216465713',NULL);
-- INSERT INTO segment (genome_version, gene_name, type, number, segment_size, segment_start, segment_end, exon_frame) VALUES ('hg38','{"USH2A","NM_206933"}','intron','9','29512','216321882','216292371',NULL);
-- INSERT INTO segment (genome_version, gene_name, type, number, segment_size, segment_start, segment_end, exon_frame) VALUES ('hg19','{"USH2A","NM_206933"}','exon','10','196','216465712','216465517','0');
-- INSERT INTO segment (genome_version, gene_name, type, number, segment_size, segment_start, segment_end, exon_frame) VALUES ('hg38','{"USH2A","NM_206933"}','exon','10','196','216292370','216292175','0');
-- INSERT INTO segment (genome_version, gene_name, type, number, segment_size, segment_start, segment_end, exon_frame) VALUES ('hg19','{"USH2A","NM_206933"}','intron','10','2764','216465516','216462753',NULL);
-- INSERT INTO segment (genome_version, gene_name, type, number, segment_size, segment_start, segment_end, exon_frame) VALUES ('hg38','{"USH2A","NM_206933"}','intron','10','2764','216292174','216289411',NULL);
-- INSERT INTO segment (genome_version, gene_name, type, number, segment_size, segment_start, segment_end, exon_frame) VALUES ('hg19','{"USH2A","NM_206933"}','exon','11','131','216462752','216462622','1');
-- INSERT INTO segment (genome_version, gene_name, type, number, segment_size, segment_start, segment_end, exon_frame) VALUES ('hg38','{"USH2A","NM_206933"}','exon','11','131','216289410','216289280','1');
-- INSERT INTO segment (genome_version, gene_name, type, number, segment_size, segment_start, segment_end, exon_frame) VALUES ('hg19','{"USH2A","NM_206933"}','intron','11','38181','216462621','216424441',NULL);
-- INSERT INTO segment (genome_version, gene_name, type, number, segment_size, segment_start, segment_end, exon_frame) VALUES ('hg38','{"USH2A","NM_206933"}','intron','11','38181','216289279','216251099',NULL);
-- INSERT INTO segment (genome_version, gene_name, type, number, segment_size, segment_start, segment_end, exon_frame) VALUES ('hg19','{"USH2A","NM_206933"}','exon','12','196','216424440','216424245','0');
-- INSERT INTO segment (genome_version, gene_name, type, number, segment_size, segment_start, segment_end, exon_frame) VALUES ('hg38','{"USH2A","NM_206933"}','exon','12','196','216251098','216250903','0');
-- INSERT INTO segment (genome_version, gene_name, type, number, segment_size, segment_start, segment_end, exon_frame) VALUES ('hg19','{"USH2A","NM_206933"}','intron','12','3676','216424244','216420569',NULL);
-- INSERT INTO segment (genome_version, gene_name, type, number, segment_size, segment_start, segment_end, exon_frame) VALUES ('hg38','{"USH2A","NM_206933"}','intron','12','3676','216250902','216247227',NULL);
-- INSERT INTO segment (genome_version, gene_name, type, number, segment_size, segment_start, segment_end, exon_frame) VALUES ('hg19','{"USH2A","NM_206933"}','exon','13','642','216420568','216419927','1');
-- INSERT INTO segment (genome_version, gene_name, type, number, segment_size, segment_start, segment_end, exon_frame) VALUES ('hg38','{"USH2A","NM_206933"}','exon','13','642','216247226','216246585','1');
-- INSERT INTO segment (genome_version, gene_name, type, number, segment_size, segment_start, segment_end, exon_frame) VALUES ('hg19','{"USH2A","NM_206933"}','intron','13','14448','216419926','216405479',NULL);
-- INSERT INTO segment (genome_version, gene_name, type, number, segment_size, segment_start, segment_end, exon_frame) VALUES ('hg38','{"USH2A","NM_206933"}','intron','13','14448','216246584','216232137',NULL);
-- INSERT INTO segment (genome_version, gene_name, type, number, segment_size, segment_start, segment_end, exon_frame) VALUES ('hg19','{"USH2A","NM_206933"}','exon','14','184','216405478','216405295','1');
-- INSERT INTO segment (genome_version, gene_name, type, number, segment_size, segment_start, segment_end, exon_frame) VALUES ('hg38','{"USH2A","NM_206933"}','exon','14','184','216232136','216231953','1');
-- INSERT INTO segment (genome_version, gene_name, type, number, segment_size, segment_start, segment_end, exon_frame) VALUES ('hg19','{"USH2A","NM_206933"}','intron','14','14402','216405294','216390893',NULL);
-- INSERT INTO segment (genome_version, gene_name, type, number, segment_size, segment_start, segment_end, exon_frame) VALUES ('hg38','{"USH2A","NM_206933"}','intron','14','14402','216231952','216217551',NULL);
-- INSERT INTO segment (genome_version, gene_name, type, number, segment_size, segment_start, segment_end, exon_frame) VALUES ('hg19','{"USH2A","NM_206933"}','exon','15','164','216390892','216390729','2');
-- INSERT INTO segment (genome_version, gene_name, type, number, segment_size, segment_start, segment_end, exon_frame) VALUES ('hg38','{"USH2A","NM_206933"}','exon','15','164','216217550','216217387','2');
-- INSERT INTO segment (genome_version, gene_name, type, number, segment_size, segment_start, segment_end, exon_frame) VALUES ('hg19','{"USH2A","NM_206933"}','intron','15','9955','216390728','216380774',NULL);
-- INSERT INTO segment (genome_version, gene_name, type, number, segment_size, segment_start, segment_end, exon_frame) VALUES ('hg38','{"USH2A","NM_206933"}','intron','15','9955','216217386','216207432',NULL);
-- INSERT INTO segment (genome_version, gene_name, type, number, segment_size, segment_start, segment_end, exon_frame) VALUES ('hg19','{"USH2A","NM_206933"}','exon','16','159','216380773','216380615','1');
-- INSERT INTO segment (genome_version, gene_name, type, number, segment_size, segment_start, segment_end, exon_frame) VALUES ('hg38','{"USH2A","NM_206933"}','exon','16','159','216207431','216207273','1');
-- INSERT INTO segment (genome_version, gene_name, type, number, segment_size, segment_start, segment_end, exon_frame) VALUES ('hg19','{"USH2A","NM_206933"}','intron','16','7151','216380614','216373464',NULL);
-- INSERT INTO segment (genome_version, gene_name, type, number, segment_size, segment_start, segment_end, exon_frame) VALUES ('hg38','{"USH2A","NM_206933"}','intron','16','7151','216207272','216200122',NULL);
-- INSERT INTO segment (genome_version, gene_name, type, number, segment_size, segment_start, segment_end, exon_frame) VALUES ('hg19','{"USH2A","NM_206933"}','exon','17','495','216373463','216372969','1');
-- INSERT INTO segment (genome_version, gene_name, type, number, segment_size, segment_start, segment_end, exon_frame) VALUES ('hg38','{"USH2A","NM_206933"}','exon','17','495','216200121','216199627','1');
-- INSERT INTO segment (genome_version, gene_name, type, number, segment_size, segment_start, segment_end, exon_frame) VALUES ('hg19','{"USH2A","NM_206933"}','intron','17','1042','216372968','216371927',NULL);
-- INSERT INTO segment (genome_version, gene_name, type, number, segment_size, segment_start, segment_end, exon_frame) VALUES ('hg38','{"USH2A","NM_206933"}','intron','17','1042','216199626','216198585',NULL);
-- INSERT INTO segment (genome_version, gene_name, type, number, segment_size, segment_start, segment_end, exon_frame) VALUES ('hg19','{"USH2A","NM_206933"}','exon','18','270','216371926','216371657','1');
-- INSERT INTO segment (genome_version, gene_name, type, number, segment_size, segment_start, segment_end, exon_frame) VALUES ('hg38','{"USH2A","NM_206933"}','exon','18','270','216198584','216198315','1');
-- INSERT INTO segment (genome_version, gene_name, type, number, segment_size, segment_start, segment_end, exon_frame) VALUES ('hg19','{"USH2A","NM_206933"}','intron','18','1592','216371656','216370065',NULL);
-- INSERT INTO segment (genome_version, gene_name, type, number, segment_size, segment_start, segment_end, exon_frame) VALUES ('hg38','{"USH2A","NM_206933"}','intron','18','1592','216198314','216196723',NULL);
-- INSERT INTO segment (genome_version, gene_name, type, number, segment_size, segment_start, segment_end, exon_frame) VALUES ('hg19','{"USH2A","NM_206933"}','exon','19','170','216370064','216369895','1');
-- INSERT INTO segment (genome_version, gene_name, type, number, segment_size, segment_start, segment_end, exon_frame) VALUES ('hg38','{"USH2A","NM_206933"}','exon','19','170','216196722','216196553','1');
-- INSERT INTO segment (genome_version, gene_name, type, number, segment_size, segment_start, segment_end, exon_frame) VALUES ('hg19','{"USH2A","NM_206933"}','intron','19','6185','216369894','216363710',NULL);
-- INSERT INTO segment (genome_version, gene_name, type, number, segment_size, segment_start, segment_end, exon_frame) VALUES ('hg38','{"USH2A","NM_206933"}','intron','19','6185','216196552','216190368',NULL);
-- INSERT INTO segment (genome_version, gene_name, type, number, segment_size, segment_start, segment_end, exon_frame) VALUES ('hg19','{"USH2A","NM_206933"}','exon','20','145','216363709','216363565','0');
-- INSERT INTO segment (genome_version, gene_name, type, number, segment_size, segment_start, segment_end, exon_frame) VALUES ('hg38','{"USH2A","NM_206933"}','exon','20','145','216190367','216190223','0');
-- INSERT INTO segment (genome_version, gene_name, type, number, segment_size, segment_start, segment_end, exon_frame) VALUES ('hg19','{"USH2A","NM_206933"}','intron','20','14740','216363564','216348825',NULL);
-- INSERT INTO segment (genome_version, gene_name, type, number, segment_size, segment_start, segment_end, exon_frame) VALUES ('hg38','{"USH2A","NM_206933"}','intron','20','14740','216190222','216175483',NULL);
-- INSERT INTO segment (genome_version, gene_name, type, number, segment_size, segment_start, segment_end, exon_frame) VALUES ('hg19','{"USH2A","NM_206933"}','exon','21','231','216348824','216348594','1');
-- INSERT INTO segment (genome_version, gene_name, type, number, segment_size, segment_start, segment_end, exon_frame) VALUES ('hg38','{"USH2A","NM_206933"}','exon','21','231','216175482','216175252','1');
-- INSERT INTO segment (genome_version, gene_name, type, number, segment_size, segment_start, segment_end, exon_frame) VALUES ('hg19','{"USH2A","NM_206933"}','intron','21','78038','216348593','216270556',NULL);
-- INSERT INTO segment (genome_version, gene_name, type, number, segment_size, segment_start, segment_end, exon_frame) VALUES ('hg38','{"USH2A","NM_206933"}','intron','21','78038','216175251','216097214',NULL);
-- INSERT INTO segment (genome_version, gene_name, type, number, segment_size, segment_start, segment_end, exon_frame) VALUES ('hg19','{"USH2A","NM_206933"}','exon','22','131','216270555','216270425','1');
-- INSERT INTO segment (genome_version, gene_name, type, number, segment_size, segment_start, segment_end, exon_frame) VALUES ('hg38','{"USH2A","NM_206933"}','exon','22','131','216097213','216097083','1');
-- INSERT INTO segment (genome_version, gene_name, type, number, segment_size, segment_start, segment_end, exon_frame) VALUES ('hg19','{"USH2A","NM_206933"}','intron','22','7943','216270424','216262482',NULL);
-- INSERT INTO segment (genome_version, gene_name, type, number, segment_size, segment_start, segment_end, exon_frame) VALUES ('hg38','{"USH2A","NM_206933"}','intron','22','7943','216097082','216089140',NULL);
-- INSERT INTO segment (genome_version, gene_name, type, number, segment_size, segment_start, segment_end, exon_frame) VALUES ('hg19','{"USH2A","NM_206933"}','exon','23','127','216262481','216262355','0');
-- INSERT INTO segment (genome_version, gene_name, type, number, segment_size, segment_start, segment_end, exon_frame) VALUES ('hg38','{"USH2A","NM_206933"}','exon','23','127','216089139','216089013','0');
-- INSERT INTO segment (genome_version, gene_name, type, number, segment_size, segment_start, segment_end, exon_frame) VALUES ('hg19','{"USH2A","NM_206933"}','intron','23','2192','216262354','216260163',NULL);
-- INSERT INTO segment (genome_version, gene_name, type, number, segment_size, segment_start, segment_end, exon_frame) VALUES ('hg38','{"USH2A","NM_206933"}','intron','23','2192','216089012','216086821',NULL);
-- INSERT INTO segment (genome_version, gene_name, type, number, segment_size, segment_start, segment_end, exon_frame) VALUES ('hg19','{"USH2A","NM_206933"}','exon','24','102','216260162','216260061','1');
-- INSERT INTO segment (genome_version, gene_name, type, number, segment_size, segment_start, segment_end, exon_frame) VALUES ('hg38','{"USH2A","NM_206933"}','exon','24','102','216086820','216086719','1');
-- INSERT INTO segment (genome_version, gene_name, type, number, segment_size, segment_start, segment_end, exon_frame) VALUES ('hg19','{"USH2A","NM_206933"}','intron','24','1841','216260060','216258220',NULL);
-- INSERT INTO segment (genome_version, gene_name, type, number, segment_size, segment_start, segment_end, exon_frame) VALUES ('hg38','{"USH2A","NM_206933"}','intron','24','1841','216086718','216084878',NULL);
-- INSERT INTO segment (genome_version, gene_name, type, number, segment_size, segment_start, segment_end, exon_frame) VALUES ('hg19','{"USH2A","NM_206933"}','exon','25','180','216258219','216258040','1');
-- INSERT INTO segment (genome_version, gene_name, type, number, segment_size, segment_start, segment_end, exon_frame) VALUES ('hg38','{"USH2A","NM_206933"}','exon','25','180','216084877','216084698','1');
-- INSERT INTO segment (genome_version, gene_name, type, number, segment_size, segment_start, segment_end, exon_frame) VALUES ('hg19','{"USH2A","NM_206933"}','intron','25','1111','216258039','216256929',NULL);
-- INSERT INTO segment (genome_version, gene_name, type, number, segment_size, segment_start, segment_end, exon_frame) VALUES ('hg38','{"USH2A","NM_206933"}','intron','25','1111','216084697','216083587',NULL);
-- INSERT INTO segment (genome_version, gene_name, type, number, segment_size, segment_start, segment_end, exon_frame) VALUES ('hg19','{"USH2A","NM_206933"}','exon','26','131','216256928','216256798','1');
-- INSERT INTO segment (genome_version, gene_name, type, number, segment_size, segment_start, segment_end, exon_frame) VALUES ('hg38','{"USH2A","NM_206933"}','exon','26','131','216083586','216083456','1');
-- INSERT INTO segment (genome_version, gene_name, type, number, segment_size, segment_start, segment_end, exon_frame) VALUES ('hg19','{"USH2A","NM_206933"}','intron','26','5093','216256797','216251705',NULL);
-- INSERT INTO segment (genome_version, gene_name, type, number, segment_size, segment_start, segment_end, exon_frame) VALUES ('hg38','{"USH2A","NM_206933"}','intron','26','5093','216083455','216078363',NULL);
-- INSERT INTO segment (genome_version, gene_name, type, number, segment_size, segment_start, segment_end, exon_frame) VALUES ('hg19','{"USH2A","NM_206933"}','exon','27','274','216251704','216251431','0');
-- INSERT INTO segment (genome_version, gene_name, type, number, segment_size, segment_start, segment_end, exon_frame) VALUES ('hg38','{"USH2A","NM_206933"}','exon','27','274','216078362','216078089','0');
-- INSERT INTO segment (genome_version, gene_name, type, number, segment_size, segment_start, segment_end, exon_frame) VALUES ('hg19','{"USH2A","NM_206933"}','intron','27','4788','216251430','216246643',NULL);
-- INSERT INTO segment (genome_version, gene_name, type, number, segment_size, segment_start, segment_end, exon_frame) VALUES ('hg38','{"USH2A","NM_206933"}','intron','27','4788','216078088','216073301',NULL);
-- INSERT INTO segment (genome_version, gene_name, type, number, segment_size, segment_start, segment_end, exon_frame) VALUES ('hg19','{"USH2A","NM_206933"}','exon','28','204','216246642','216246439','1');
-- INSERT INTO segment (genome_version, gene_name, type, number, segment_size, segment_start, segment_end, exon_frame) VALUES ('hg38','{"USH2A","NM_206933"}','exon','28','204','216073300','216073097','1');
-- INSERT INTO segment (genome_version, gene_name, type, number, segment_size, segment_start, segment_end, exon_frame) VALUES ('hg19','{"USH2A","NM_206933"}','intron','28','127','216246438','216246312',NULL);
-- INSERT INTO segment (genome_version, gene_name, type, number, segment_size, segment_start, segment_end, exon_frame) VALUES ('hg38','{"USH2A","NM_206933"}','intron','28','127','216073096','216072970',NULL);
-- INSERT INTO segment (genome_version, gene_name, type, number, segment_size, segment_start, segment_end, exon_frame) VALUES ('hg19','{"USH2A","NM_206933"}','exon','29','81','216246311','216246231','1');
-- INSERT INTO segment (genome_version, gene_name, type, number, segment_size, segment_start, segment_end, exon_frame) VALUES ('hg38','{"USH2A","NM_206933"}','exon','29','81','216072969','216072889','1');
-- INSERT INTO segment (genome_version, gene_name, type, number, segment_size, segment_start, segment_end, exon_frame) VALUES ('hg19','{"USH2A","NM_206933"}','intron','29','2596','216246230','216243635',NULL);
-- INSERT INTO segment (genome_version, gene_name, type, number, segment_size, segment_start, segment_end, exon_frame) VALUES ('hg38','{"USH2A","NM_206933"}','intron','29','2596','216072888','216070293',NULL);
-- INSERT INTO segment (genome_version, gene_name, type, number, segment_size, segment_start, segment_end, exon_frame) VALUES ('hg19','{"USH2A","NM_206933"}','exon','30','192','216243634','216243443','1');
-- INSERT INTO segment (genome_version, gene_name, type, number, segment_size, segment_start, segment_end, exon_frame) VALUES ('hg38','{"USH2A","NM_206933"}','exon','30','192','216070292','216070101','1');
-- INSERT INTO segment (genome_version, gene_name, type, number, segment_size, segment_start, segment_end, exon_frame) VALUES ('hg19','{"USH2A","NM_206933"}','intron','30','21453','216243442','216221990',NULL);
-- INSERT INTO segment (genome_version, gene_name, type, number, segment_size, segment_start, segment_end, exon_frame) VALUES ('hg38','{"USH2A","NM_206933"}','intron','30','21453','216070100','216048648',NULL);
-- INSERT INTO segment (genome_version, gene_name, type, number, segment_size, segment_start, segment_end, exon_frame) VALUES ('hg19','{"USH2A","NM_206933"}','exon','31','114','216221989','216221876','1');
-- INSERT INTO segment (genome_version, gene_name, type, number, segment_size, segment_start, segment_end, exon_frame) VALUES ('hg38','{"USH2A","NM_206933"}','exon','31','114','216048647','216048534','1');
-- INSERT INTO segment (genome_version, gene_name, type, number, segment_size, segment_start, segment_end, exon_frame) VALUES ('hg19','{"USH2A","NM_206933"}','intron','31','1941','216221875','216219935',NULL);
-- INSERT INTO segment (genome_version, gene_name, type, number, segment_size, segment_start, segment_end, exon_frame) VALUES ('hg38','{"USH2A","NM_206933"}','intron','31','1941','216048533','216046593',NULL);
-- INSERT INTO segment (genome_version, gene_name, type, number, segment_size, segment_start, segment_end, exon_frame) VALUES ('hg19','{"USH2A","NM_206933"}','exon','32','162','216219934','216219773','1');
-- INSERT INTO segment (genome_version, gene_name, type, number, segment_size, segment_start, segment_end, exon_frame) VALUES ('hg38','{"USH2A","NM_206933"}','exon','32','162','216046592','216046431','1');
-- INSERT INTO segment (genome_version, gene_name, type, number, segment_size, segment_start, segment_end, exon_frame) VALUES ('hg19','{"USH2A","NM_206933"}','intron','32','45868','216219772','216173905',NULL);
-- INSERT INTO segment (genome_version, gene_name, type, number, segment_size, segment_start, segment_end, exon_frame) VALUES ('hg38','{"USH2A","NM_206933"}','intron','32','45868','216046430','216000563',NULL);
-- INSERT INTO segment (genome_version, gene_name, type, number, segment_size, segment_start, segment_end, exon_frame) VALUES ('hg19','{"USH2A","NM_206933"}','exon','33','160','216173904','216173745','1');
-- INSERT INTO segment (genome_version, gene_name, type, number, segment_size, segment_start, segment_end, exon_frame) VALUES ('hg38','{"USH2A","NM_206933"}','exon','33','160','216000562','216000403','1');
-- INSERT INTO segment (genome_version, gene_name, type, number, segment_size, segment_start, segment_end, exon_frame) VALUES ('hg19','{"USH2A","NM_206933"}','intron','33','1344','216173744','216172401',NULL);
-- INSERT INTO segment (genome_version, gene_name, type, number, segment_size, segment_start, segment_end, exon_frame) VALUES ('hg38','{"USH2A","NM_206933"}','intron','33','1344','216000402','215999059',NULL);
-- INSERT INTO segment (genome_version, gene_name, type, number, segment_size, segment_start, segment_end, exon_frame) VALUES ('hg19','{"USH2A","NM_206933"}','exon','34','172','216172400','216172229','2');
-- INSERT INTO segment (genome_version, gene_name, type, number, segment_size, segment_start, segment_end, exon_frame) VALUES ('hg38','{"USH2A","NM_206933"}','exon','34','172','215999058','215998887','2');
-- INSERT INTO segment (genome_version, gene_name, type, number, segment_size, segment_start, segment_end, exon_frame) VALUES ('hg19','{"USH2A","NM_206933"}','intron','34','5719','216172228','216166510',NULL);
-- INSERT INTO segment (genome_version, gene_name, type, number, segment_size, segment_start, segment_end, exon_frame) VALUES ('hg38','{"USH2A","NM_206933"}','intron','34','5719','215998886','215993168',NULL);
-- INSERT INTO segment (genome_version, gene_name, type, number, segment_size, segment_start, segment_end, exon_frame) VALUES ('hg19','{"USH2A","NM_206933"}','exon','35','148','216166509','216166362','0');
-- INSERT INTO segment (genome_version, gene_name, type, number, segment_size, segment_start, segment_end, exon_frame) VALUES ('hg38','{"USH2A","NM_206933"}','exon','35','148','215993167','215993020','0');
-- INSERT INTO segment (genome_version, gene_name, type, number, segment_size, segment_start, segment_end, exon_frame) VALUES ('hg19','{"USH2A","NM_206933"}','intron','35','22243','216166361','216144119',NULL);
-- INSERT INTO segment (genome_version, gene_name, type, number, segment_size, segment_start, segment_end, exon_frame) VALUES ('hg38','{"USH2A","NM_206933"}','intron','35','22243','215993019','215970777',NULL);
-- INSERT INTO segment (genome_version, gene_name, type, number, segment_size, segment_start, segment_end, exon_frame) VALUES ('hg19','{"USH2A","NM_206933"}','exon','36','152','216144118','216143967','1');
-- INSERT INTO segment (genome_version, gene_name, type, number, segment_size, segment_start, segment_end, exon_frame) VALUES ('hg38','{"USH2A","NM_206933"}','exon','36','152','215970776','215970625','1');
-- INSERT INTO segment (genome_version, gene_name, type, number, segment_size, segment_start, segment_end, exon_frame) VALUES ('hg19','{"USH2A","NM_206933"}','intron','36','5145','216143966','216138822',NULL);
-- INSERT INTO segment (genome_version, gene_name, type, number, segment_size, segment_start, segment_end, exon_frame) VALUES ('hg38','{"USH2A","NM_206933"}','intron','36','5145','215970624','215965480',NULL);
-- INSERT INTO segment (genome_version, gene_name, type, number, segment_size, segment_start, segment_end, exon_frame) VALUES ('hg19','{"USH2A","NM_206933"}','exon','37','163','216138821','216138659','0');
-- INSERT INTO segment (genome_version, gene_name, type, number, segment_size, segment_start, segment_end, exon_frame) VALUES ('hg38','{"USH2A","NM_206933"}','exon','37','163','215965479','215965317','0');
-- INSERT INTO segment (genome_version, gene_name, type, number, segment_size, segment_start, segment_end, exon_frame) VALUES ('hg19','{"USH2A","NM_206933"}','intron','37','30521','216138658','216108138',NULL);
-- INSERT INTO segment (genome_version, gene_name, type, number, segment_size, segment_start, segment_end, exon_frame) VALUES ('hg38','{"USH2A","NM_206933"}','intron','37','30521','215965316','215934796',NULL);
-- INSERT INTO segment (genome_version, gene_name, type, number, segment_size, segment_start, segment_end, exon_frame) VALUES ('hg19','{"USH2A","NM_206933"}','exon','38','180','216108137','216107958','1');
-- INSERT INTO segment (genome_version, gene_name, type, number, segment_size, segment_start, segment_end, exon_frame) VALUES ('hg38','{"USH2A","NM_206933"}','exon','38','180','215934795','215934616','1');
-- INSERT INTO segment (genome_version, gene_name, type, number, segment_size, segment_start, segment_end, exon_frame) VALUES ('hg19','{"USH2A","NM_206933"}','intron','38','33710','216107957','216074248',NULL);
-- INSERT INTO segment (genome_version, gene_name, type, number, segment_size, segment_start, segment_end, exon_frame) VALUES ('hg38','{"USH2A","NM_206933"}','intron','38','33710','215934615','215900906',NULL);
-- INSERT INTO segment (genome_version, gene_name, type, number, segment_size, segment_start, segment_end, exon_frame) VALUES ('hg19','{"USH2A","NM_206933"}','exon','39','151','216074247','216074097','1');
-- INSERT INTO segment (genome_version, gene_name, type, number, segment_size, segment_start, segment_end, exon_frame) VALUES ('hg38','{"USH2A","NM_206933"}','exon','39','151','215900905','215900755','1');
-- INSERT INTO segment (genome_version, gene_name, type, number, segment_size, segment_start, segment_end, exon_frame) VALUES ('hg19','{"USH2A","NM_206933"}','intron','39','537','216074096','216073560',NULL);
-- INSERT INTO segment (genome_version, gene_name, type, number, segment_size, segment_start, segment_end, exon_frame) VALUES ('hg38','{"USH2A","NM_206933"}','intron','39','537','215900754','215900218',NULL);
-- INSERT INTO segment (genome_version, gene_name, type, number, segment_size, segment_start, segment_end, exon_frame) VALUES ('hg19','{"USH2A","NM_206933"}','exon','40','143','216073559','216073417','2');
-- INSERT INTO segment (genome_version, gene_name, type, number, segment_size, segment_start, segment_end, exon_frame) VALUES ('hg38','{"USH2A","NM_206933"}','exon','40','143','215900217','215900075','2');
-- INSERT INTO segment (genome_version, gene_name, type, number, segment_size, segment_start, segment_end, exon_frame) VALUES ('hg19','{"USH2A","NM_206933"}','intron','40','11020','216073416','216062397',NULL);
-- INSERT INTO segment (genome_version, gene_name, type, number, segment_size, segment_start, segment_end, exon_frame) VALUES ('hg38','{"USH2A","NM_206933"}','intron','40','11020','215900074','215889055',NULL);
-- INSERT INTO segment (genome_version, gene_name, type, number, segment_size, segment_start, segment_end, exon_frame) VALUES ('hg19','{"USH2A","NM_206933"}','exon','41','629','216062396','216061768','1');
-- INSERT INTO segment (genome_version, gene_name, type, number, segment_size, segment_start, segment_end, exon_frame) VALUES ('hg38','{"USH2A","NM_206933"}','exon','41','629','215889054','215888426','1');
-- INSERT INTO segment (genome_version, gene_name, type, number, segment_size, segment_start, segment_end, exon_frame) VALUES ('hg19','{"USH2A","NM_206933"}','intron','41','9327','216061767','216052441',NULL);
-- INSERT INTO segment (genome_version, gene_name, type, number, segment_size, segment_start, segment_end, exon_frame) VALUES ('hg38','{"USH2A","NM_206933"}','intron','41','9327','215888425','215879099',NULL);
-- INSERT INTO segment (genome_version, gene_name, type, number, segment_size, segment_start, segment_end, exon_frame) VALUES ('hg19','{"USH2A","NM_206933"}','exon','42','335','216052440','216052106','0');
-- INSERT INTO segment (genome_version, gene_name, type, number, segment_size, segment_start, segment_end, exon_frame) VALUES ('hg38','{"USH2A","NM_206933"}','exon','42','335','215879098','215878764','0');
-- INSERT INTO segment (genome_version, gene_name, type, number, segment_size, segment_start, segment_end, exon_frame) VALUES ('hg19','{"USH2A","NM_206933"}','intron','42','883','216052105','216051223',NULL);
-- INSERT INTO segment (genome_version, gene_name, type, number, segment_size, segment_start, segment_end, exon_frame) VALUES ('hg38','{"USH2A","NM_206933"}','intron','42','883','215878763','215877881',NULL);
-- INSERT INTO segment (genome_version, gene_name, type, number, segment_size, segment_start, segment_end, exon_frame) VALUES ('hg19','{"USH2A","NM_206933"}','exon','43','123','216051222','216051100','2');
-- INSERT INTO segment (genome_version, gene_name, type, number, segment_size, segment_start, segment_end, exon_frame) VALUES ('hg38','{"USH2A","NM_206933"}','exon','43','123','215877880','215877758','2');
-- INSERT INTO segment (genome_version, gene_name, type, number, segment_size, segment_start, segment_end, exon_frame) VALUES ('hg19','{"USH2A","NM_206933"}','intron','43','10587','216051099','216040513',NULL);
-- INSERT INTO segment (genome_version, gene_name, type, number, segment_size, segment_start, segment_end, exon_frame) VALUES ('hg38','{"USH2A","NM_206933"}','intron','43','10587','215877757','215867171',NULL);
-- INSERT INTO segment (genome_version, gene_name, type, number, segment_size, segment_start, segment_end, exon_frame) VALUES ('hg19','{"USH2A","NM_206933"}','exon','44','164','216040512','216040349','2');
-- INSERT INTO segment (genome_version, gene_name, type, number, segment_size, segment_start, segment_end, exon_frame) VALUES ('hg38','{"USH2A","NM_206933"}','exon','44','164','215867170','215867007','2');
-- INSERT INTO segment (genome_version, gene_name, type, number, segment_size, segment_start, segment_end, exon_frame) VALUES ('hg19','{"USH2A","NM_206933"}','intron','44','20973','216040348','216019376',NULL);
-- INSERT INTO segment (genome_version, gene_name, type, number, segment_size, segment_start, segment_end, exon_frame) VALUES ('hg38','{"USH2A","NM_206933"}','intron','44','20973','215867006','215846034',NULL);
-- INSERT INTO segment (genome_version, gene_name, type, number, segment_size, segment_start, segment_end, exon_frame) VALUES ('hg19','{"USH2A","NM_206933"}','exon','45','210','216019375','216019166','1');
-- INSERT INTO segment (genome_version, gene_name, type, number, segment_size, segment_start, segment_end, exon_frame) VALUES ('hg38','{"USH2A","NM_206933"}','exon','45','210','215846033','215845824','1');
-- INSERT INTO segment (genome_version, gene_name, type, number, segment_size, segment_start, segment_end, exon_frame) VALUES ('hg19','{"USH2A","NM_206933"}','intron','45','1327','216019165','216017839',NULL);
-- INSERT INTO segment (genome_version, gene_name, type, number, segment_size, segment_start, segment_end, exon_frame) VALUES ('hg38','{"USH2A","NM_206933"}','intron','45','1327','215845823','215844497',NULL);
-- INSERT INTO segment (genome_version, gene_name, type, number, segment_size, segment_start, segment_end, exon_frame) VALUES ('hg19','{"USH2A","NM_206933"}','exon','46','203','216017838','216017636','1');
-- INSERT INTO segment (genome_version, gene_name, type, number, segment_size, segment_start, segment_end, exon_frame) VALUES ('hg38','{"USH2A","NM_206933"}','exon','46','203','215844496','215844294','1');
-- INSERT INTO segment (genome_version, gene_name, type, number, segment_size, segment_start, segment_end, exon_frame) VALUES ('hg19','{"USH2A","NM_206933"}','intron','46','6190','216017635','216011446',NULL);
-- INSERT INTO segment (genome_version, gene_name, type, number, segment_size, segment_start, segment_end, exon_frame) VALUES ('hg38','{"USH2A","NM_206933"}','intron','46','6190','215844293','215838104',NULL);
-- INSERT INTO segment (genome_version, gene_name, type, number, segment_size, segment_start, segment_end, exon_frame) VALUES ('hg19','{"USH2A","NM_206933"}','exon','47','113','216011445','216011333','0');
-- INSERT INTO segment (genome_version, gene_name, type, number, segment_size, segment_start, segment_end, exon_frame) VALUES ('hg38','{"USH2A","NM_206933"}','exon','47','113','215838103','215837991','0');
-- INSERT INTO segment (genome_version, gene_name, type, number, segment_size, segment_start, segment_end, exon_frame) VALUES ('hg19','{"USH2A","NM_206933"}','intron','47','20795','216011332','215990538',NULL);
-- INSERT INTO segment (genome_version, gene_name, type, number, segment_size, segment_start, segment_end, exon_frame) VALUES ('hg38','{"USH2A","NM_206933"}','intron','47','20795','215837990','215817196',NULL);
-- INSERT INTO segment (genome_version, gene_name, type, number, segment_size, segment_start, segment_end, exon_frame) VALUES ('hg19','{"USH2A","NM_206933"}','exon','48','199','215990537','215990339','2');
-- INSERT INTO segment (genome_version, gene_name, type, number, segment_size, segment_start, segment_end, exon_frame) VALUES ('hg38','{"USH2A","NM_206933"}','exon','48','199','215817195','215816997','2');
-- INSERT INTO segment (genome_version, gene_name, type, number, segment_size, segment_start, segment_end, exon_frame) VALUES ('hg19','{"USH2A","NM_206933"}','intron','48','3092','215990338','215987247',NULL);
-- INSERT INTO segment (genome_version, gene_name, type, number, segment_size, segment_start, segment_end, exon_frame) VALUES ('hg38','{"USH2A","NM_206933"}','intron','48','3092','215816996','215813905',NULL);
-- INSERT INTO segment (genome_version, gene_name, type, number, segment_size, segment_start, segment_end, exon_frame) VALUES ('hg19','{"USH2A","NM_206933"}','exon','49','169','215987246','215987078','0');
-- INSERT INTO segment (genome_version, gene_name, type, number, segment_size, segment_start, segment_end, exon_frame) VALUES ('hg38','{"USH2A","NM_206933"}','exon','49','169','215813904','215813736','0');
-- INSERT INTO segment (genome_version, gene_name, type, number, segment_size, segment_start, segment_end, exon_frame) VALUES ('hg19','{"USH2A","NM_206933"}','intron','49','14610','215987077','215972468',NULL);
-- INSERT INTO segment (genome_version, gene_name, type, number, segment_size, segment_start, segment_end, exon_frame) VALUES ('hg38','{"USH2A","NM_206933"}','intron','49','14610','215813735','215799126',NULL);
-- INSERT INTO segment (genome_version, gene_name, type, number, segment_size, segment_start, segment_end, exon_frame) VALUES ('hg19','{"USH2A","NM_206933"}','exon','50','219','215972467','215972249','1');
-- INSERT INTO segment (genome_version, gene_name, type, number, segment_size, segment_start, segment_end, exon_frame) VALUES ('hg38','{"USH2A","NM_206933"}','exon','50','219','215799125','215798907','1');
-- INSERT INTO segment (genome_version, gene_name, type, number, segment_size, segment_start, segment_end, exon_frame) VALUES ('hg19','{"USH2A","NM_206933"}','intron','50','8624','215972248','215963625',NULL);
-- INSERT INTO segment (genome_version, gene_name, type, number, segment_size, segment_start, segment_end, exon_frame) VALUES ('hg38','{"USH2A","NM_206933"}','intron','50','8624','215798906','215790283',NULL);
-- INSERT INTO segment (genome_version, gene_name, type, number, segment_size, segment_start, segment_end, exon_frame) VALUES ('hg19','{"USH2A","NM_206933"}','exon','51','224','215963624','215963401','1');
-- INSERT INTO segment (genome_version, gene_name, type, number, segment_size, segment_start, segment_end, exon_frame) VALUES ('hg38','{"USH2A","NM_206933"}','exon','51','224','215790282','215790059','1');
-- INSERT INTO segment (genome_version, gene_name, type, number, segment_size, segment_start, segment_end, exon_frame) VALUES ('hg19','{"USH2A","NM_206933"}','intron','51','3184','215963400','215960217',NULL);
-- INSERT INTO segment (genome_version, gene_name, type, number, segment_size, segment_start, segment_end, exon_frame) VALUES ('hg38','{"USH2A","NM_206933"}','intron','51','3184','215790058','215786875',NULL);
-- INSERT INTO segment (genome_version, gene_name, type, number, segment_size, segment_start, segment_end, exon_frame) VALUES ('hg19','{"USH2A","NM_206933"}','exon','52','205','215960216','215960012','0');
-- INSERT INTO segment (genome_version, gene_name, type, number, segment_size, segment_start, segment_end, exon_frame) VALUES ('hg38','{"USH2A","NM_206933"}','exon','52','205','215786874','215786670','0');
-- INSERT INTO segment (genome_version, gene_name, type, number, segment_size, segment_start, segment_end, exon_frame) VALUES ('hg19','{"USH2A","NM_206933"}','intron','52','3734','215960011','215956278',NULL);
-- INSERT INTO segment (genome_version, gene_name, type, number, segment_size, segment_start, segment_end, exon_frame) VALUES ('hg38','{"USH2A","NM_206933"}','intron','52','3734','215786669','215782936',NULL);
-- INSERT INTO segment (genome_version, gene_name, type, number, segment_size, segment_start, segment_end, exon_frame) VALUES ('hg19','{"USH2A","NM_206933"}','exon','53','198','215956277','215956080','1');
-- INSERT INTO segment (genome_version, gene_name, type, number, segment_size, segment_start, segment_end, exon_frame) VALUES ('hg38','{"USH2A","NM_206933"}','exon','53','198','215782935','215782738','1');
-- INSERT INTO segment (genome_version, gene_name, type, number, segment_size, segment_start, segment_end, exon_frame) VALUES ('hg19','{"USH2A","NM_206933"}','intron','53','541','215956079','215955539',NULL);
-- INSERT INTO segment (genome_version, gene_name, type, number, segment_size, segment_start, segment_end, exon_frame) VALUES ('hg38','{"USH2A","NM_206933"}','intron','53','541','215782737','215782197',NULL);
-- INSERT INTO segment (genome_version, gene_name, type, number, segment_size, segment_start, segment_end, exon_frame) VALUES ('hg19','{"USH2A","NM_206933"}','exon','54','155','215955538','215955384','1');
-- INSERT INTO segment (genome_version, gene_name, type, number, segment_size, segment_start, segment_end, exon_frame) VALUES ('hg38','{"USH2A","NM_206933"}','exon','54','155','215782196','215782042','1');
-- INSERT INTO segment (genome_version, gene_name, type, number, segment_size, segment_start, segment_end, exon_frame) VALUES ('hg19','{"USH2A","NM_206933"}','intron','54','2000','215955383','215953384',NULL);
-- INSERT INTO segment (genome_version, gene_name, type, number, segment_size, segment_start, segment_end, exon_frame) VALUES ('hg38','{"USH2A","NM_206933"}','intron','54','2000','215782041','215780042',NULL);
-- INSERT INTO segment (genome_version, gene_name, type, number, segment_size, segment_start, segment_end, exon_frame) VALUES ('hg19','{"USH2A","NM_206933"}','exon','55','199','215953383','215953185','0');
-- INSERT INTO segment (genome_version, gene_name, type, number, segment_size, segment_start, segment_end, exon_frame) VALUES ('hg38','{"USH2A","NM_206933"}','exon','55','199','215780041','215779843','0');
-- INSERT INTO segment (genome_version, gene_name, type, number, segment_size, segment_start, segment_end, exon_frame) VALUES ('hg19','{"USH2A","NM_206933"}','intron','55','13054','215953184','215940131',NULL);
-- INSERT INTO segment (genome_version, gene_name, type, number, segment_size, segment_start, segment_end, exon_frame) VALUES ('hg38','{"USH2A","NM_206933"}','intron','55','13054','215779842','215766789',NULL);
-- INSERT INTO segment (genome_version, gene_name, type, number, segment_size, segment_start, segment_end, exon_frame) VALUES ('hg19','{"USH2A","NM_206933"}','exon','56','108','215940130','215940023','1');
-- INSERT INTO segment (genome_version, gene_name, type, number, segment_size, segment_start, segment_end, exon_frame) VALUES ('hg38','{"USH2A","NM_206933"}','exon','56','108','215766788','215766681','1');
-- INSERT INTO segment (genome_version, gene_name, type, number, segment_size, segment_start, segment_end, exon_frame) VALUES ('hg19','{"USH2A","NM_206933"}','intron','56','6837','215940022','215933186',NULL);
-- INSERT INTO segment (genome_version, gene_name, type, number, segment_size, segment_start, segment_end, exon_frame) VALUES ('hg38','{"USH2A","NM_206933"}','intron','56','6837','215766680','215759844',NULL);
-- INSERT INTO segment (genome_version, gene_name, type, number, segment_size, segment_start, segment_end, exon_frame) VALUES ('hg19','{"USH2A","NM_206933"}','exon','57','184','215933185','215933002','1');
-- INSERT INTO segment (genome_version, gene_name, type, number, segment_size, segment_start, segment_end, exon_frame) VALUES ('hg38','{"USH2A","NM_206933"}','exon','57','184','215759843','215759660','1');
-- INSERT INTO segment (genome_version, gene_name, type, number, segment_size, segment_start, segment_end, exon_frame) VALUES ('hg19','{"USH2A","NM_206933"}','intron','57','907','215933001','215932095',NULL);
-- INSERT INTO segment (genome_version, gene_name, type, number, segment_size, segment_start, segment_end, exon_frame) VALUES ('hg38','{"USH2A","NM_206933"}','intron','57','907','215759659','215758753',NULL);
-- INSERT INTO segment (genome_version, gene_name, type, number, segment_size, segment_start, segment_end, exon_frame) VALUES ('hg19','{"USH2A","NM_206933"}','exon','58','158','215932094','215931937','2');
-- INSERT INTO segment (genome_version, gene_name, type, number, segment_size, segment_start, segment_end, exon_frame) VALUES ('hg38','{"USH2A","NM_206933"}','exon','58','158','215758752','215758595','2');
-- INSERT INTO segment (genome_version, gene_name, type, number, segment_size, segment_start, segment_end, exon_frame) VALUES ('hg19','{"USH2A","NM_206933"}','intron','58','15259','215931936','215916678',NULL);
-- INSERT INTO segment (genome_version, gene_name, type, number, segment_size, segment_start, segment_end, exon_frame) VALUES ('hg38','{"USH2A","NM_206933"}','intron','58','15259','215758594','215743336',NULL);
-- INSERT INTO segment (genome_version, gene_name, type, number, segment_size, segment_start, segment_end, exon_frame) VALUES ('hg19','{"USH2A","NM_206933"}','exon','59','159','215916677','215916519','1');
-- INSERT INTO segment (genome_version, gene_name, type, number, segment_size, segment_start, segment_end, exon_frame) VALUES ('hg38','{"USH2A","NM_206933"}','exon','59','159','215743335','215743177','1');
-- INSERT INTO segment (genome_version, gene_name, type, number, segment_size, segment_start, segment_end, exon_frame) VALUES ('hg19','{"USH2A","NM_206933"}','intron','59','1639','215916518','215914880',NULL);
-- INSERT INTO segment (genome_version, gene_name, type, number, segment_size, segment_start, segment_end, exon_frame) VALUES ('hg38','{"USH2A","NM_206933"}','intron','59','1639','215743176','215741538',NULL);
-- INSERT INTO segment (genome_version, gene_name, type, number, segment_size, segment_start, segment_end, exon_frame) VALUES ('hg19','{"USH2A","NM_206933"}','exon','60','163','215914879','215914717','1');
-- INSERT INTO segment (genome_version, gene_name, type, number, segment_size, segment_start, segment_end, exon_frame) VALUES ('hg38','{"USH2A","NM_206933"}','exon','60','163','215741537','215741375','1');
-- INSERT INTO segment (genome_version, gene_name, type, number, segment_size, segment_start, segment_end, exon_frame) VALUES ('hg19','{"USH2A","NM_206933"}','intron','60','12990','215914716','215901727',NULL);
-- INSERT INTO segment (genome_version, gene_name, type, number, segment_size, segment_start, segment_end, exon_frame) VALUES ('hg38','{"USH2A","NM_206933"}','intron','60','12990','215741374','215728385',NULL);
-- INSERT INTO segment (genome_version, gene_name, type, number, segment_size, segment_start, segment_end, exon_frame) VALUES ('hg19','{"USH2A","NM_206933"}','exon','61','355','215901726','215901372','2');
-- INSERT INTO segment (genome_version, gene_name, type, number, segment_size, segment_start, segment_end, exon_frame) VALUES ('hg38','{"USH2A","NM_206933"}','exon','61','355','215728384','215728030','2');
-- INSERT INTO segment (genome_version, gene_name, type, number, segment_size, segment_start, segment_end, exon_frame) VALUES ('hg19','{"USH2A","NM_206933"}','intron','61','47653','215901371','215853719',NULL);
-- INSERT INTO segment (genome_version, gene_name, type, number, segment_size, segment_start, segment_end, exon_frame) VALUES ('hg38','{"USH2A","NM_206933"}','intron','61','47653','215728029','215680377',NULL);
-- INSERT INTO segment (genome_version, gene_name, type, number, segment_size, segment_start, segment_end, exon_frame) VALUES ('hg19','{"USH2A","NM_206933"}','exon','62','228','215853718','215853491','0');
-- INSERT INTO segment (genome_version, gene_name, type, number, segment_size, segment_start, segment_end, exon_frame) VALUES ('hg38','{"USH2A","NM_206933"}','exon','62','228','215680376','215680149','0');
-- INSERT INTO segment (genome_version, gene_name, type, number, segment_size, segment_start, segment_end, exon_frame) VALUES ('hg19','{"USH2A","NM_206933"}','intron','62','4532','215853490','215848959',NULL);
-- INSERT INTO segment (genome_version, gene_name, type, number, segment_size, segment_start, segment_end, exon_frame) VALUES ('hg38','{"USH2A","NM_206933"}','intron','62','4532','215680148','215675617',NULL);
-- INSERT INTO segment (genome_version, gene_name, type, number, segment_size, segment_start, segment_end, exon_frame) VALUES ('hg19','{"USH2A","NM_206933"}','exon','63','1517','215848958','215847442','0');
-- INSERT INTO segment (genome_version, gene_name, type, number, segment_size, segment_start, segment_end, exon_frame) VALUES ('hg38','{"USH2A","NM_206933"}','exon','63','1517','215675616','215674100','0');
-- INSERT INTO segment (genome_version, gene_name, type, number, segment_size, segment_start, segment_end, exon_frame) VALUES ('hg19','{"USH2A","NM_206933"}','intron','63','2806','215847441','215844636',NULL);
-- INSERT INTO segment (genome_version, gene_name, type, number, segment_size, segment_start, segment_end, exon_frame) VALUES ('hg38','{"USH2A","NM_206933"}','intron','63','2806','215674099','215671294',NULL);
-- INSERT INTO segment (genome_version, gene_name, type, number, segment_size, segment_start, segment_end, exon_frame) VALUES ('hg19','{"USH2A","NM_206933"}','exon','64','322','215844635','215844314','2');
-- INSERT INTO segment (genome_version, gene_name, type, number, segment_size, segment_start, segment_end, exon_frame) VALUES ('hg38','{"USH2A","NM_206933"}','exon','64','322','215671293','215670972','2');
-- INSERT INTO segment (genome_version, gene_name, type, number, segment_size, segment_start, segment_end, exon_frame) VALUES ('hg19','{"USH2A","NM_206933"}','intron','64','20170','215844313','215824144',NULL);
-- INSERT INTO segment (genome_version, gene_name, type, number, segment_size, segment_start, segment_end, exon_frame) VALUES ('hg38','{"USH2A","NM_206933"}','intron','64','20170','215670971','215650802',NULL);
-- INSERT INTO segment (genome_version, gene_name, type, number, segment_size, segment_start, segment_end, exon_frame) VALUES ('hg19','{"USH2A","NM_206933"}','exon','65','210','215824143','215823934','0');
-- INSERT INTO segment (genome_version, gene_name, type, number, segment_size, segment_start, segment_end, exon_frame) VALUES ('hg38','{"USH2A","NM_206933"}','exon','65','210','215650801','215650592','0');
-- INSERT INTO segment (genome_version, gene_name, type, number, segment_size, segment_start, segment_end, exon_frame) VALUES ('hg19','{"USH2A","NM_206933"}','intron','65','1825','215823933','215822109',NULL);
-- INSERT INTO segment (genome_version, gene_name, type, number, segment_size, segment_start, segment_end, exon_frame) VALUES ('hg38','{"USH2A","NM_206933"}','intron','65','1825','215650591','215648767',NULL);
-- INSERT INTO segment (genome_version, gene_name, type, number, segment_size, segment_start, segment_end, exon_frame) VALUES ('hg19','{"USH2A","NM_206933"}','exon','66','239','215822108','215821870','0');
-- INSERT INTO segment (genome_version, gene_name, type, number, segment_size, segment_start, segment_end, exon_frame) VALUES ('hg38','{"USH2A","NM_206933"}','exon','66','239','215648766','215648528','0');
-- INSERT INTO segment (genome_version, gene_name, type, number, segment_size, segment_start, segment_end, exon_frame) VALUES ('hg19','{"USH2A","NM_206933"}','intron','66','797','215821869','215821073',NULL);
-- INSERT INTO segment (genome_version, gene_name, type, number, segment_size, segment_start, segment_end, exon_frame) VALUES ('hg38','{"USH2A","NM_206933"}','intron','66','797','215648527','215647731',NULL);
-- INSERT INTO segment (genome_version, gene_name, type, number, segment_size, segment_start, segment_end, exon_frame) VALUES ('hg19','{"USH2A","NM_206933"}','exon','67','209','215821072','215820864','2');
-- INSERT INTO segment (genome_version, gene_name, type, number, segment_size, segment_start, segment_end, exon_frame) VALUES ('hg38','{"USH2A","NM_206933"}','exon','67','209','215647730','215647522','2');
-- INSERT INTO segment (genome_version, gene_name, type, number, segment_size, segment_start, segment_end, exon_frame) VALUES ('hg19','{"USH2A","NM_206933"}','intron','67','6787','215820863','215814077',NULL);
-- INSERT INTO segment (genome_version, gene_name, type, number, segment_size, segment_start, segment_end, exon_frame) VALUES ('hg38','{"USH2A","NM_206933"}','intron','67','6787','215647521','215640735',NULL);
-- INSERT INTO segment (genome_version, gene_name, type, number, segment_size, segment_start, segment_end, exon_frame) VALUES ('hg19','{"USH2A","NM_206933"}','exon','68','177','215814076','215813900','1');
-- INSERT INTO segment (genome_version, gene_name, type, number, segment_size, segment_start, segment_end, exon_frame) VALUES ('hg38','{"USH2A","NM_206933"}','exon','68','177','215640734','215640558','1');
-- INSERT INTO segment (genome_version, gene_name, type, number, segment_size, segment_start, segment_end, exon_frame) VALUES ('hg19','{"USH2A","NM_206933"}','intron','68','1319','215813899','215812581',NULL);
-- INSERT INTO segment (genome_version, gene_name, type, number, segment_size, segment_start, segment_end, exon_frame) VALUES ('hg38','{"USH2A","NM_206933"}','intron','68','1319','215640557','215639239',NULL);
-- INSERT INTO segment (genome_version, gene_name, type, number, segment_size, segment_start, segment_end, exon_frame) VALUES ('hg19','{"USH2A","NM_206933"}','exon','69','84','215812580','215812497','1');
-- INSERT INTO segment (genome_version, gene_name, type, number, segment_size, segment_start, segment_end, exon_frame) VALUES ('hg38','{"USH2A","NM_206933"}','exon','69','84','215639238','215639155','1');
-- INSERT INTO segment (genome_version, gene_name, type, number, segment_size, segment_start, segment_end, exon_frame) VALUES ('hg19','{"USH2A","NM_206933"}','intron','69','4451','215812496','215808046',NULL);
-- INSERT INTO segment (genome_version, gene_name, type, number, segment_size, segment_start, segment_end, exon_frame) VALUES ('hg38','{"USH2A","NM_206933"}','intron','69','4451','215639154','215634704',NULL);
-- INSERT INTO segment (genome_version, gene_name, type, number, segment_size, segment_start, segment_end, exon_frame) VALUES ('hg19','{"USH2A","NM_206933"}','exon','70','245','215808045','215807801','1');
-- INSERT INTO segment (genome_version, gene_name, type, number, segment_size, segment_start, segment_end, exon_frame) VALUES ('hg38','{"USH2A","NM_206933"}','exon','70','245','215634703','215634459','1');
-- INSERT INTO segment (genome_version, gene_name, type, number, segment_size, segment_start, segment_end, exon_frame) VALUES ('hg19','{"USH2A","NM_206933"}','intron','70','5423','215807800','215802378',NULL);
-- INSERT INTO segment (genome_version, gene_name, type, number, segment_size, segment_start, segment_end, exon_frame) VALUES ('hg38','{"USH2A","NM_206933"}','intron','70','5423','215634458','215629036',NULL);
-- INSERT INTO segment (genome_version, gene_name, type, number, segment_size, segment_start, segment_end, exon_frame) VALUES ('hg19','{"USH2A","NM_206933"}','exon','71','222','215802377','215802156','0');
-- INSERT INTO segment (genome_version, gene_name, type, number, segment_size, segment_start, segment_end, exon_frame) VALUES ('hg38','{"USH2A","NM_206933"}','exon','71','222','215629035','215628814','0');
-- INSERT INTO segment (genome_version, gene_name, type, number, segment_size, segment_start, segment_end, exon_frame) VALUES ('hg19','{"USH2A","NM_206933"}','intron','71','2943','215802155','215799213',NULL);
-- INSERT INTO segment (genome_version, gene_name, type, number, segment_size, segment_start, segment_end, exon_frame) VALUES ('hg38','{"USH2A","NM_206933"}','intron','71','2943','215628813','215625871',NULL);
-- INSERT INTO segment (genome_version, gene_name, type, number, segment_size, segment_start, segment_end, exon_frame) VALUES ('hg19','{"USH2A","NM_206933"}','exon','72','2980','215799212','215796233','0');
-- INSERT INTO segment (genome_version, gene_name, type, number, segment_size, segment_start, segment_end, exon_frame) VALUES ('hg38','{"USH2A","NM_206933"}','exon','72','2980','215625870','215622891','0');
-- INSERT INTO segment (genome_version, gene_name, type, number, segment_size, segment_start, segment_end, exon_frame) VALUES ('hg19','{"USH2A","NM_206933"}','3UTR','73','2000','215796232','215794232',NULL);
-- INSERT INTO segment (genome_version, gene_name, type, number, segment_size, segment_start, segment_end, exon_frame) VALUES ('hg38','{"USH2A","NM_206933"}','3UTR','73','2000','215622890','215620890',NULL);
INSERT INTO uniprot_domain (uniprot_id, name, aa_start, aa_end) VALUES ('O75445', 'Signal peptide','1','31');
INSERT INTO uniprot_domain (uniprot_id, name, aa_start, aa_end) VALUES ('O75445', 'Extracellular','32','5042');
INSERT INTO uniprot_domain (uniprot_id, name, aa_start, aa_end) VALUES ('O75445', 'Transmembrane','5043','5063');
INSERT INTO uniprot_domain (uniprot_id, name, aa_start, aa_end) VALUES ('O75445', 'Cytoplasmic','5064','5202');
INSERT INTO uniprot_domain (uniprot_id, name, aa_start, aa_end) VALUES ('O75445', 'Laminin N-terminal','271','517');
INSERT INTO uniprot_domain (uniprot_id, name, aa_start, aa_end) VALUES ('O75445', 'Laminin EGF-like 1','518','574');
INSERT INTO uniprot_domain (uniprot_id, name, aa_start, aa_end) VALUES ('O75445', 'Laminin EGF-like 2','575','640');
INSERT INTO uniprot_domain (uniprot_id, name, aa_start, aa_end) VALUES ('O75445', 'Laminin EGF-like 3','641','693');
INSERT INTO uniprot_domain (uniprot_id, name, aa_start, aa_end) VALUES ('O75445', 'Laminin EGF-like 4','694','746');
INSERT INTO uniprot_domain (uniprot_id, name, aa_start, aa_end) VALUES ('O75445', 'Laminin EGF-like 5','747','794');
INSERT INTO uniprot_domain (uniprot_id, name, aa_start, aa_end) VALUES ('O75445', 'Laminin EGF-like 6','795','846');
INSERT INTO uniprot_domain (uniprot_id, name, aa_start, aa_end) VALUES ('O75445', 'Laminin EGF-like 7','847','899');
INSERT INTO uniprot_domain (uniprot_id, name, aa_start, aa_end) VALUES ('O75445', 'Laminin EGF-like 8','900','950');
INSERT INTO uniprot_domain (uniprot_id, name, aa_start, aa_end) VALUES ('O75445', 'Laminin EGF-like 9','951','1001');
INSERT INTO uniprot_domain (uniprot_id, name, aa_start, aa_end) VALUES ('O75445', 'Laminin EGF-like 10','1002','1052');
INSERT INTO uniprot_domain (uniprot_id, name, aa_start, aa_end) VALUES ('O75445', 'Fibronectin type-III 1','1058','1146');
INSERT INTO uniprot_domain (uniprot_id, name, aa_start, aa_end) VALUES ('O75445', 'Fibronectin type-III 2','1148','1244');
INSERT INTO uniprot_domain (uniprot_id, name, aa_start, aa_end) VALUES ('O75445', 'Fibronectin type-III 3','1245','1363');
INSERT INTO uniprot_domain (uniprot_id, name, aa_start, aa_end) VALUES ('O75445', 'Fibronectin type-III 4','1364','1468');
INSERT INTO uniprot_domain (uniprot_id, name, aa_start, aa_end) VALUES ('O75445', 'Laminin G-like 1','1517','1709');
INSERT INTO uniprot_domain (uniprot_id, name, aa_start, aa_end) VALUES ('O75445', 'Laminin G-like 2','1714','1891');
INSERT INTO uniprot_domain (uniprot_id, name, aa_start, aa_end) VALUES ('O75445', 'Fibronectin type-III 5','1869','1955');
INSERT INTO uniprot_domain (uniprot_id, name, aa_start, aa_end) VALUES ('O75445', 'Fibronectin type-III 6','1957','2054');
INSERT INTO uniprot_domain (uniprot_id, name, aa_start, aa_end) VALUES ('O75445', 'Fibronectin type-III 7','2055','2144');
INSERT INTO uniprot_domain (uniprot_id, name, aa_start, aa_end) VALUES ('O75445', 'Fibronectin type-III 8','2145','2239');
INSERT INTO uniprot_domain (uniprot_id, name, aa_start, aa_end) VALUES ('O75445', 'Fibronectin type-III 9','2243','2330');
INSERT INTO uniprot_domain (uniprot_id, name, aa_start, aa_end) VALUES ('O75445', 'Fibronectin type-III 10','2331','2433');
INSERT INTO uniprot_domain (uniprot_id, name, aa_start, aa_end) VALUES ('O75445', 'Fibronectin type-III 11','2437','2531');
INSERT INTO uniprot_domain (uniprot_id, name, aa_start, aa_end) VALUES ('O75445', 'Fibronectin type-III 12','2535','2622');
INSERT INTO uniprot_domain (uniprot_id, name, aa_start, aa_end) VALUES ('O75445', 'Fibronectin type-III 13','2624','2722');
INSERT INTO uniprot_domain (uniprot_id, name, aa_start, aa_end) VALUES ('O75445', 'Fibronectin type-III 14','2726','2819');
INSERT INTO uniprot_domain (uniprot_id, name, aa_start, aa_end) VALUES ('O75445', 'Fibronectin type-III 15','2820','2923');
INSERT INTO uniprot_domain (uniprot_id, name, aa_start, aa_end) VALUES ('O75445', 'Fibronectin type-III 16','2927','3018');
INSERT INTO uniprot_domain (uniprot_id, name, aa_start, aa_end) VALUES ('O75445', 'Fibronectin type-III 17','3022','3112');
INSERT INTO uniprot_domain (uniprot_id, name, aa_start, aa_end) VALUES ('O75445', 'Fibronectin type-III 18','3113','3209');
INSERT INTO uniprot_domain (uniprot_id, name, aa_start, aa_end) VALUES ('O75445', 'Fibronectin type-III 19','3403','3497');
INSERT INTO uniprot_domain (uniprot_id, name, aa_start, aa_end) VALUES ('O75445', 'Fibronectin type-III 20','3501','3589');
INSERT INTO uniprot_domain (uniprot_id, name, aa_start, aa_end) VALUES ('O75445', 'Fibronectin type-III 21','3592','3682');
INSERT INTO uniprot_domain (uniprot_id, name, aa_start, aa_end) VALUES ('O75445', 'Fibronectin type-III 22','3684','3770');
INSERT INTO uniprot_domain (uniprot_id, name, aa_start, aa_end) VALUES ('O75445', 'Fibronectin type-III 23','3774','3865');
INSERT INTO uniprot_domain (uniprot_id, name, aa_start, aa_end) VALUES ('O75445', 'Fibronectin type-III 24','3866','3963');
INSERT INTO uniprot_domain (uniprot_id, name, aa_start, aa_end) VALUES ('O75445', 'Fibronectin type-III 25','3964','4067');
INSERT INTO uniprot_domain (uniprot_id, name, aa_start, aa_end) VALUES ('O75445', 'Fibronectin type-III 26','4068','4153');
INSERT INTO uniprot_domain (uniprot_id, name, aa_start, aa_end) VALUES ('O75445', 'Fibronectin type-III 27','4157','4261');
INSERT INTO uniprot_domain (uniprot_id, name, aa_start, aa_end) VALUES ('O75445', 'Fibronectin type-III 28','4262','4357');
INSERT INTO uniprot_domain (uniprot_id, name, aa_start, aa_end) VALUES ('O75445', 'Fibronectin type-III 29','4358','4445');
INSERT INTO uniprot_domain (uniprot_id, name, aa_start, aa_end) VALUES ('O75445', 'Fibronectin type-III 30','4446','4530');
INSERT INTO uniprot_domain (uniprot_id, name, aa_start, aa_end) VALUES ('O75445', 'Fibronectin type-III 31','4534','4630');
INSERT INTO uniprot_domain (uniprot_id, name, aa_start, aa_end) VALUES ('O75445', 'Fibronectin type-III 32','4636','4733');
INSERT INTO uniprot_domain (uniprot_id, name, aa_start, aa_end) VALUES ('O75445', 'Fibronectin type-III 33','4734','4827');
INSERT INTO uniprot_domain (uniprot_id, name, aa_start, aa_end) VALUES ('O75445', 'Fibronectin type-III 34','4828','4927');
INSERT INTO uniprot_domain (uniprot_id, name, aa_start, aa_end) VALUES ('O75445', 'PDZ-binding','5200','5202');

INSERT INTO gene_annotation VALUES('{"USH2A","NM_206933"}','1.16','1.10','1.22','1.13','1.10','1.17','0.76','0.67','0.86');

INSERT INTO variant_feature (c_name,gene_name,ng_name,ivs_name,p_name,wt_seq,mt_seq,dna_type,rna_type,prot_type,acmg_class,start_segment_type,start_segment_number,end_segment_type,end_segment_number,variant_size,dbsnp_id,comment,creation_date,creation_user) VALUES
 ('2276G>T','{"USH2A","NM_206933.4"}','181279G>T',NULL,'Cys759Phe','CTCCATGGCTCAGTGAACAAATTCT G CAATCCTCACTCTGGGCAGTGTGAG','CTCCATGGCTCAGTGAACAAATTCT T CAATCCTCACTCTGGGCAGTGTGAG','substitution','neutral inferred','missense','5','exon','13','exon','13','1','80338902','First MD variant ever','2019-08-26','1');
INSERT INTO variant (chr,g_name,pos,pos_ref,pos_alt,genome_version,feature_id) VALUES
('1','chr1:g.216420460C>A','216420460','C','A','hg19','2'),('1','chr1:g.216247118C>A','216247118','C','A','hg38','2');
INSERT INTO class_history (variant_feature_id,acmg_class,mobiuser_id,class_date,comment) VALUES
('2','5','1','2019-08-26','First MD class ever');
